Query,Clicks,Impressions,Avg. Pos
seo forecasting tool,1250,8500,8.2
keyword research tool,890,6200,12.5
seo traffic prediction,756,4300,6.8
google search console analytics,623,5100,9.1
seo performance tracking,589,3900,11.3
organic traffic forecast,534,2800,7.4
search engine optimization tools,498,7200,15.2
seo keyword analysis,445,3600,13.8
website traffic prediction,423,2900,10.5
google ranking checker,398,5400,18.7
seo audit tool,376,4200,14.3
backlink analysis tool,345,3800,16.9
competitor keyword research,312,2600,12.7
seo content optimization,298,3100,19.4
search volume estimator,276,1900,8.9
keyword difficulty checker,254,2200,21.3
seo reporting dashboard,234,1800,17.6
organic search analytics,212,1600,20.1
serp ranking tracker,198,2100,22.8
technical seo audit,187,2400,25.4
