Keyword,Search Volume,Keyword Difficulty,Position,URL
seo forecasting tool,8100,78,8,https://example.com/seo-forecasting-tool
keyword research tool,5400,65,12,https://example.com/keyword-research-tool
seo traffic prediction,3200,72,6,https://example.com/seo-traffic-prediction
google search console analytics,2900,68,9,https://example.com/gsc-analytics
seo performance tracking,2400,58,11,https://example.com/performance-tracking
organic traffic forecast,1800,62,7,https://example.com/organic-forecast
search engine optimization tools,9200,85,15,https://example.com/seo-tools
seo keyword analysis,3600,71,13,https://example.com/keyword-analysis
website traffic prediction,2100,59,10,https://example.com/traffic-prediction
google ranking checker,4500,77,18,https://example.com/ranking-checker
seo audit tool,3800,73,14,https://example.com/seo-audit
backlink analysis tool,3200,69,16,https://example.com/backlink-analysis
competitor keyword research,2600,64,12,https://example.com/competitor-research
seo content optimization,2900,67,19,https://example.com/content-optimization
search volume estimator,1600,55,8,https://example.com/volume-estimator
keyword difficulty checker,2200,61,21,https://example.com/difficulty-checker
seo reporting dashboard,1900,63,17,https://example.com/reporting-dashboard
organic search analytics,1700,60,20,https://example.com/organic-analytics
serp ranking tracker,2300,66,22,https://example.com/serp-tracker
technical seo audit,2800,70,25,https://example.com/technical-audit
